Sample5024244	Copperbelt
Sample5026338	Copperbelt
Sample5026610	Copperbelt
Sample5026616	Copperbelt
Sample5026698	Copperbelt
Sample5026718	Copperbelt
Sample5026742	Copperbelt
Sample5026760	Copperbelt
Sample5026771	Copperbelt
Sample5026793	Copperbelt
Sample5026805	Copperbelt
Sample5026814	Copperbelt
Sample5026847	Copperbelt
Sample5026866	Copperbelt
Sample5024376	Eastern
Sample5024535	Eastern
Sample5024536	Eastern
Sample5024549	Eastern
Sample5024608	Eastern
Sample5024610	Eastern
Sample5026206	Eastern
Sample5026316	Eastern
Sample5026871	Eastern
Sample5026877	Eastern
Sample5026878	Eastern
Sample5026883	Eastern
Sample5026884	Eastern
Sample5026910	Eastern
Sample5026911	Eastern
Sample5026916	Eastern
PU1	Luapula
PU10	Luapula
PU11	Luapula
PU12	Luapula
PU13	Luapula
PU14	Luapula
PU15	Luapula
PU16	Luapula
PU2	Luapula
PU3	Luapula
PU4	Luapula
PU5	Luapula
PU6	Luapula
PU7	Luapula
PU8	Luapula
PU9	Luapula
Sample5024006	Luapula
Sample5024008	Luapula
Sample5024009	Luapula
Sample5024011	Luapula
Sample5024012	Luapula
Sample5024019	Luapula
Sample5024029	Luapula
Sample5024047	Luapula
Sample5024051	Luapula
Sample5024054	Luapula
Sample5024055	Luapula
Sample5024056	Luapula
Sample5024069	Luapula
Sample5024082	Luapula
Sample5024083	Luapula
Sample5024085	Luapula
Sample5024086	Luapula
Sample5024096	Luapula
Sample5024226	Luapula
Sample5024252	Luapula
Sample5024262	Luapula
Sample5024264	Luapula
Sample5024414	Luapula
Sample5024416	Luapula
Sample5024442	Luapula
Sample5024463	Luapula
Sample5024673	Luapula
Sample5024680	Luapula
Sample5024681	Luapula
Sample5024686	Luapula
Sample5024697	Luapula
Sample5024701	Luapula
Sample5024704	Luapula
Sample5024706	Luapula
Sample5024711	Luapula
Sample5024719	Luapula
Sample5024818	Luapula
Sample5024819	Luapula
Sample5024820	Luapula
Sample5024831	Luapula
Sample5024833	Luapula
Sample5024838	Luapula
Sample5024839	Luapula
Sample5024981	Luapula
Sample5024992	Luapula
Sample5024996	Luapula
Sample5025114	Luapula
Sample5025116	Luapula
Sample5025117	Luapula
Sample5025118	Luapula
Sample5025119	Luapula
Sample5025122	Luapula
Sample5025123	Luapula
Sample5025125	Luapula
Sample5025257	Luapula
Sample5025261	Luapula
Sample5025262	Luapula
Sample5025263	Luapula
Sample5025264	Luapula
Sample5025266	Luapula
Sample5025268	Luapula
Sample5025334	Luapula
Sample5025398	Luapula
Sample5025499	Luapula
Sample5025909	Luapula
Sample5025922	Luapula
Sample5025923	Luapula
Sample5025929	Luapula
Sample5025930	Luapula
Sample5025953	Luapula
Sample5025954	Luapula
Sample5025957	Luapula
Sample5025964	Luapula
Sample5025967	Luapula
Sample5026031	Luapula
Sample5026032	Luapula
Sample5026133	Luapula
Sample5026134	Luapula
Sample5026142	Luapula
Sample5026152	Luapula
Sample5026161	Luapula
Sample5026175	Luapula
Sample5026240	Luapula
Sample5026290	Luapula
Sample5026293	Luapula
Sample5026297	Luapula
Sample5026301	Luapula
Sample5026302	Luapula
Sample5026309	Luapula
Sample5026311	Luapula
Sample5026312	Luapula
Sample5026350	Luapula
Sample5026402	Luapula
Sample5026403	Luapula
Sample5026407	Luapula
Sample5026409	Luapula
Sample5026416	Luapula
Sample5026421	Luapula
Sample5026433	Luapula
Sample5026435	Luapula
Sample5026437	Luapula
Sample5026438	Luapula
Sample5026441	Luapula
Sample5026443	Luapula
Sample5026450	Luapula
Sample5026452	Luapula
Sample5026460	Luapula
Sample5026468	Luapula
Sample5026480	Luapula
Sample5024525	Muchinga
Sample5024884	Muchinga
Sample5025617	Muchinga
Sample5025643	Muchinga
Sample5025644	Muchinga
Sample5025654	Muchinga
Sample5025753	Muchinga
Sample5025773	Muchinga
Sample5025776	Muchinga
Sample5025782	Muchinga
Sample5025822	Muchinga
Sample5025918	Muchinga
Sample5025941	Muchinga
Sample5025942	Muchinga
Sample5025958	Muchinga
Sample5025973	Muchinga
Sample5025982	Muchinga
Sample5024275	North-Western
Sample5024485	North-Western
Sample5024500	North-Western
Sample5024504	North-Western
Sample5024513	North-Western
Sample5024515	North-Western
Sample5024591	North-Western
Sample5025065	North-Western
Sample5025076	North-Western
Sample5025089	North-Western
Sample5025095	North-Western
Sample5026712	North-Western
Sample5026727	North-Western
Sample5026729	North-Western
Sample5026735	North-Western
Sample5026773	North-Western
PU17	Northern
PU18	Northern
PU19	Northern
PU20	Northern
PU22	Northern
PU23	Northern
PU24	Northern
PU25	Northern
PU26	Northern
PU28	Northern
Sample5024310	Northern
Sample5024360	Northern
Sample5024364	Northern
Sample5025684	Northern
Sample5026054	Northern
Sample5026244	Northern
Sample5026578	Northern
Sample5026584	Northern
Sample5026588	Northern
Sample5026596	Northern
Sample5024113	Western
Sample5024165	Western
Sample5024171	Western
Sample5024173	Western
Sample5024179	Western
Sample5024461	Western
Sample5024465	Western
Sample5024467	Western
Sample5024469	Western
Sample5024472	Western
Sample5024473	Western
Sample5024475	Western
Sample5024476	Western
Sample5024771	Western
Sample5024937	Western
Sample5024964	Western
Sample5025199	Western
Sample5025289	Western
Sample5025291	Western
Sample5025335	Western
Sample5025503	Western
Sample5025504	Western
Sample5025542	Western
Sample5025548	Western
Sample5025747	Western
Sample5026378	Western
Sample5026392	Western
Sample5026399	Western
Sample5026400	Western
Sample5026483	Western
